rating,display_name,brand_name,list_price
4.4687,HD Complexion Starter Kit,MAKE UP FOR EVER,$79.00
4.2308,Try. Believe. Love. Kit,bareMinerals,$20.00
4.1667,Argan Matchmaker Complexion Kit,Josie Maran,$68.00
4.4912,bareMinerals Customizable Get Started Kit,bareMinerals,$49.00
4,bareMinerals® Get Started® Kit,bareMinerals,$49.00
4.2951,Oil Free Flawless Face Kit,Laura Mercier,$65.00
4.4109,Flawless Face Kit,Laura Mercier,$65.00
4.1684,Start Getting Naked Ultra Definition Complexion Kit,Urban Decay,$49.00
3.9549,How To Look The Best At Everything,Benefit Cosmetics,$32.00
4.5776,Discover The Amazon 3-Piece Kit,Tarte,$34.50
3.8571,Perfect Pair,bareMinerals,$35.00
3.5294,The Face: Radiant Femme Artistry Set,SEPHORA+PANTONE UNIVERSE,$75.00
4.1927,Try It Kit: Halo + BB,Smashbox,$29.00
4.1395,bareMinerals READY® To Go Complexion Perfection Palette,bareMinerals,$49.00
4.5323,Natural Face Natural Radiance Face Palette,Too Faced,$39.00
4.1429,The Flawless Face Book,Laura Mercier,$59.00
4.7273,Amazing Concealer Flawless Face Kit,Amazing Cosmetics,$47.00
0,Bronzed And Blushing Face Palette,SEPHORA COLLECTION,$15.00
4.7171,Bronzing Powder,NARS,$38.00
4.3684,The Multiple,NARS,$39.00
4.4695,Naked Flushed,Urban Decay,$30.00
3.96,Matte Multiple,NARS,$39.00
4.583,Blush/Bronzer Duo,NARS,$24.00 - $42.00
4.6504,Hoola,Benefit Cosmetics,$28.00
4.6023,Bronzing Powder,Bobbi Brown,$38.00
4.7031,Milk Chocolate Soleil Light/Medium Matte Bronzer,Too Faced,$30.00
4.9,Bonjour Soleil Limited Edition Summer Bronzing Wardrobe,Too Faced,$44.00
4.5267,Shimmer Brick - Bronze,Bobbi Brown,$42.00
4.5737,Terracotta Bronzing Powder,Guerlain,$52.00
4.4825,Terracotta Light Sheer Bronzing Powder,Guerlain,$52.00
4.5301,bareMinerals Faux Tan All-Over Face Color,bareMinerals,$19.00
4.286,Fusion Soft Lights,Smashbox,$30.00
4.371,Bronzer,SEPHORA COLLECTION,$17.00
4.6671,Chocolate Soleil Medium/Deep Matte Bronzer,Too Faced,$30.00
4.6211,Amazonian Clay Matte Waterproof Bronzer,Tarte,$29.00
4.5652,Diorskin Nude Tan Healthy Glow Enhancing Powder,Dior,$55.00
4.6383,Mat Bronze,MAKE UP FOR EVER,$32.00
0,The Sculptor Contouring Face Slenderizer,Tarte,$24.00
4.5245,Bronze Lights,Smashbox,$29.00
4,Foundation Primer - Radiance Bronze,Laura Mercier,$33.00
4.5808,Dallas,Benefit Cosmetics,$28.00
4.5535,Sun Bunny Natural Bronzer,Too Faced,$30.00
4.4056,Baked Bronzer,Urban Decay,$26.00
4.75,Bronzer Oil-Free,Shiseido,$35.00
4.6092,Mineral Powder Bronzer,Tarte,$29.00
4.6481,MicroSmooth Baked Sculpting Contour Trio,SEPHORA COLLECTION,$21.00
4.4329,Diorskin Nude BB Creme,Dior,$44.00
4.2843,Premium Beauty Balm SPF 45,Dr. Jart+,$39.00
4.0997,Camera Ready BB Cream SPF 35,Smashbox,$19.50 - $39.00
4.347,Color Control Cushion Compact Broad Spectrum SPF 50+,AmorePacific,$60.00
4.3196,BB Tinted Treatment 12-Hour Primer Broad Spectrum SPF 30 Sunscreen,Tarte,$10.00 - $34.00
3.9594,Camera Ready CC Cream Broad Spectrum SPF 30 Dark Spot Correcting,Smashbox,$19.50 - $42.00
3.8945,Moisture Surge CC Cream Hydrating Colour Corrector Broad Spectrum SPF 30,CLINIQUE,$35.00
3.9335,CC Cream Broad Spectrum SPF 30 Complexion Corrector,Peter Thomas Roth,$48.00
3.9261,BB Cream Broad Spectrum SPF 35,Bobbi Brown,$44.00
3.9496,B.B. Cream Broad Spectrum SPF 27 PA++,boscia,$18.00 - $38.00
4.1678,Black Label Detox BB Beauty Balm,Dr. Jart+,$18.00 - $36.00
3.5701,The Big Easy Liquid To Powder SPF 35 Foundation,Benefit Cosmetics,$38.00
4.3382,Amazonian Clay BB Tinted Moisturizer Broad Spectrum SPF 20 Sunscreen,Tarte,$36.00
4.4,CC Cream SPF 35,Bobbi Brown,$44.00
3.9137,Hydra Life BB Creme Broad Spectrum SPF 30,Dior,$56.00
3.8792,Naked Skin Beauty Balm Broad Spectrum SPF 20,Urban Decay,$14.00 - $34.00
4.1707,CC Color Correcting Cream Broad Spectrum SPF 20,Stila,$44.00
4.24,Hydra Life BB Eye Crème,Dior,$45.00
4.4922,Veil Mineral Primer Broad Spectrum SPF 15,Hourglass,$18.00 - $72.00
4.3846,Iconic Photo Finish Foundation Primer,Smashbox,$10.00 - $49.00
4.1587,HD Microperfecting Primer,MAKE UP FOR EVER,$34.00
4.0833,POREfect Hideaway,Benefit Cosmetics,$31.00
4.3724,All Nighter Long-Lasting Makeup Setting Spray,Urban Decay,$14.00 - $30.00
4.6734,Blush,NARS,$30.00
4.4971,Ambient Lighting Blush,Hourglass,$35.00
4.3684,The Multiple,NARS,$39.00
4.4695,Naked Flushed,Urban Decay,$30.00
4.6616,Amazonian Clay 12-Hour Blush,Tarte,$26.00
4.4885,Dandelion,Benefit Cosmetics,$28.00
3.4493,The NARSissist Cheek Kit,NARS,$49.00
3.96,Matte Multiple,NARS,$39.00
4.583,Blush/Bronzer Duo,NARS,$24.00 - $42.00
4.6875,Cheek Pop,CLINIQUE,$21.00
4.2948,Benetint,Benefit Cosmetics,$30.00
4.6028,bareMinerals Blush,bareMinerals,$19.00
4.8132,HD Blush,MAKE UP FOR EVER,$26.00
4.5706,Rosy Glow Healthy Glow Awakening Blush,Dior,$44.00
3.8378,Cheek Stain,Tarte,$30.00
4.5,Argan Infinity Lip And Cheek Creamy Oil,Josie Maran,$18.00
4.4896,Sweethearts Perfect Flush Blush,Too Faced,$30.00
4.5579,Blush,Bobbi Brown,$26.00
4.6335,bareMinerals Original Foundation Broad Spectrum SPF 15,bareMinerals,$27.00
4.3102,Ambient Lighting Powder,Hourglass,$45.00
4.3992,bareMinerals Matte Foundation Broad Spectrum SPF 15,bareMinerals,$27.00
4.5205,Diorskin Forever Compact Flawless Perfection Fusion Wear Makeup SPF 25,Dior,$50.00
4.6322,Translucent Loose Setting Powder,Laura Mercier,$35.00
4.4019,HD Microfinish Powder,MAKE UP FOR EVER,$19.00 - $34.00
4.6065,Mineral Veil,bareMinerals,$20.00
4.5111,Duo Mat Powder Foundation,MAKE UP FOR EVER,$34.00
4.3711,'Hello Flawless!' SPF 15,Benefit Cosmetics,$34.00
3.5034,READY® Foundation Broad Spectrum SPF 20,bareMinerals,$29.00
4.5192,bareMinerals Broad Spectrum  Multi-Tasking Face,bareMinerals,$18.00
4.2308,Try. Believe. Love. Kit,bareMinerals,$20.00
3.9146,Pro Finish Multi-Use Powder Foundation,MAKE UP FOR EVER,$36.00
4.508,DUAL FINISH - Versatile Powder Makeup,Lancôme,$38.50
4.4861,Mineral Powder SPF 15,Laura Mercier,$38.00
4.3825,HALO Hydrating Perfecting Powder,Smashbox,$22.00 - $49.00
4.5839,bareMinerals All-Over Face Color,bareMinerals,$19.00
4.2969,Amazonian Clay Airbrush Foundation,Tarte,$36.00
4,Smooth Finish Foundation Powder,Laura Mercier,$45.00
4.25,bareMinerals Matte Foundation Broad Spectrum SPF 15,bareMinerals,$27.00
4.4912,bareMinerals Customizable Get Started Kit,bareMinerals,$49.00
4.3481,Stay-Matte Sheer Pressed Powder,CLINIQUE,$23.00
4.5746,Sheer Finish Pressed Powder,Bobbi Brown,$37.00
3.962,8 HR Mattifying Compact Foundation,SEPHORA COLLECTION,$22.00
3.8673,Instant Mineral Powder SPF 45,Peter Thomas Roth,$30.00
4.466,Snow Bunny Luminous Bronzer,Too Faced,$30.00
0,Maracuja Bronzing Serum,Tarte,$47.00
4.3604,bareMinerals READY™ Bronzer,bareMinerals,$24.00
4.375,Limited Edition Illuminating Bronzing Powder,Bobbi Brown,$38.00
4.0988,Pink Leopard Blushing Bronzer,Too Faced,$30.00
4.6522,Bronzing Skin Perfector,BECCA,$36.00
4.575,Illuminating Bronzing Powder,Bobbi Brown,$38.00
4.287,MicroSmooth Baked Bronzer Duo,SEPHORA COLLECTION,$19.00
4.3878,Sun Beam,Benefit Cosmetics,$26.00
4.6033,True Bronze Pressed Powder Bronzer,CLINIQUE,$26.00
5,Radiance Baked Body Bronzer,Laura Mercier,$55.00
4.5333,Terracotta 4 Seasons Tailor-Made Bronzing Powder,Guerlain,$76.00
4.5818,Hot Escapes Bronzer,Buxom,$28.00
4.4571,Poudre Bonne Mine Healthy Glow Powder,Givenchy,$50.00
4.7143,Set & Bronze Baked Powder Trio,Stila,$34.00
3.9682,Skin Perfect CC Cream SPF 20,SEPHORA COLLECTION,$26.00
4.375,Perfect Hydrating BB Cream Broad Spectrum SPF 35 Sunscreen,Shiseido,$33.00
3.8528,Perfect Truth™ CC Crème Broad Spectrum SPF 30,Ole Henriksen,$36.00
4.042,The Original BB Cream Set,Dr. Jart+,$34.00
4,Prime Time BB Primer-Cream Daily Defense Broad Spectrum SPF 30,bareMinerals,$26.00
4.1751,Tinted Beauty Balm SPF 20,Too Faced,$34.00
3.9107,Age Defense BB Cream Broad Spectrum SPF 30,CLINIQUE,$37.00
4.069,Top Secrets All-In-One BB Cream Skintone Corrector,Yves Saint Laurent,$50.00
5,DayWear BB Anti-Oxidant Beauty Benefit Creme SPF 35,Estee Lauder,$39.00
4.0804,Stay All Day® 10-In-One HD Illuminating Beauty Balm With Broad Spectrum SPF 30,Stila,$38.00
4.175,Hope In A Jar® A To Z Cream Broad Spectrum SPF 20 Sunscreen Complexion Perfecting BB Cream,Philosophy,$38.00
4,Bienfait Teinté Beauty Balm Sunscreen Broad Spectrum SPF 30,Lancôme,$45.00
3.8421,Airflash CC Primer - Radiance Booster Color Correcting Primer,Dior,$49.00
4.2703,The POREfessional,Benefit Cosmetics,$31.00
4.3196,BB Tinted Treatment 12-Hour Primer Broad Spectrum SPF 30 Sunscreen,Tarte,$10.00 - $34.00
3.7302,Dr. Feelgood,Benefit Cosmetics,$31.00
4.4504,Prime Time™ Foundation Primer,bareMinerals,$23.00
4.3953,Foundation Primer - Hydrating,Laura Mercier,$33.00
3.9504,Foundation Primer - Oil Free,Laura Mercier,$19.50 - $33.00
4.2099,Meteorites Light-Diffusing Perfecting Primer,Guerlain,$73.00
4.3798,Primed & Poreless Skin Smoothing Face Primer,Too Faced,$30.00
4.05,Argan Lip & Cheek Color Stick Set,Josie Maran,$34.00
4.3,Lollitint,Benefit Cosmetics,$30.00
4.5267,Shimmer Brick - Bronze,Bobbi Brown,$42.00
4.2957,Posietint,Benefit Cosmetics,$30.00
4.4289,Shimmer Bloc,Laura Mercier,$40.00
4.61,Le Prisme Blush Powder Blush,Givenchy,$44.00
4.397,Colorful Blush,SEPHORA COLLECTION,$15.00
4.5197,Coconut Watercolor Cheek Gelée,Josie Maran,$22.00
4.6571,The Blush Luminous Cheek Colour,Dolce & Gabbana,$45.00
4.6788,CRÈME DE BLUSH - Soft Blush,Yves Saint Laurent,$38.00
4.4348,Pot Rouge For Lips And Cheeks,Bobbi Brown,$26.00
4.1481,Beach Tint,BECCA,$25.00
4.4938,Rockateur,Benefit Cosmetics,$28.00
4.286,Fusion Soft Lights,Smashbox,$30.00
4.5711,CORALista,Benefit Cosmetics,$28.00
4.5606,Second Skin Cheek Colour,Laura Mercier,$26.00
4.1767,Mineral Pressed Powder SPF 15,Laura Mercier,$38.00
4.4625,bareMinerals Mineral Veil Broad Spectrum SPF 25,bareMinerals,$20.00
4.5,DiorSkin Forever Wear-Extending Invisible Retouch Powder,Dior,$44.00
4.3815,Light Reflecting Loose Setting Powder,NARS,$35.00
4.5833,Diorskin Nude Compact,Dior,$50.00
4.625,Teint Couture Long-Wearing Compact Foundation SPF 10 PA++,Givenchy,$55.00
4.4074,The Foundation Perfect Finish Powder Foundation,Dolce & Gabbana,$60.00
4.34,Superpowder Double Face Makeup,CLINIQUE,$23.00
4.2054,Pressed Mineral Foundation,COVER FX,$35.00
4.1,HD Pressed Powder,MAKE UP FOR EVER,$22.00 - $36.00
4.0302,Lock-It Powder Foundation,Kat Von D,$34.00
4.6769,Naked Skin Ultra Definition Loose Finishing Powder,Urban Decay,$34.00
4.0535,bareMinerals READY™ Touch Up Veil Broad Spectrum SPF 15,bareMinerals,$22.00
4.0545,Pure Transformation Night Treatment,bareMinerals,$60.00
4.4667,Brightening Finishing Powder,Bobbi Brown,$52.00
4.215,MicroSmooth Baked Foundation Face Powder,SEPHORA COLLECTION,$22.00
4.4448,Smooth Operator™ Amazonian Clay Finishing Powder,Tarte,$29.00
4.0183,Argan Matchmaker Powder Foundation SPF 20,Josie Maran,$34.00
4.4184,Powder Foundation SPF 12,NARS,$45.00
3.966,Light Reflecting Pressed Setting Powder,NARS,$35.00
4.3577,Almost Powder SPF 15,CLINIQUE,$26.00
4.2778,Le Prisme Visage Mat Soft Compact Face Powder,Givenchy,$47.00
4.3874,Super Matte Loose Powder,MAKE UP FOR EVER,$28.00
4.6228,Matte Radiance Baked Powder Compact,Laura Mercier,$36.00
4.5813,The Makeup Powdery Foundation,Shiseido,$8.00 - $29.50
4.4012,Blended Face Powder and Brush,CLINIQUE,$23.00
4.5301,bareMinerals Faux Tan All-Over Face Color,bareMinerals,$19.00
4.3597,HD Invisible Cover Foundation,MAKE UP FOR EVER,$42.00
4.4044,Diorskin Airflash Spray Foundation,Dior,$62.00
4.2035,Immaculate Liquid Powder Foundation Mattifying Oil Free,Hourglass,$55.00
4.6335,bareMinerals Original Foundation Broad Spectrum SPF 15,bareMinerals,$27.00
4.4329,Diorskin Nude BB Creme,Dior,$44.00
4.3422,Lock-It Tattoo Foundation,Kat Von D,$34.00
4.2843,Premium Beauty Balm SPF 45,Dr. Jart+,$39.00
4.2265,Even Better Makeup SPF 15,CLINIQUE,$27.00
4.0997,Camera Ready BB Cream SPF 35,Smashbox,$19.50 - $39.00
4.3992,bareMinerals Matte Foundation Broad Spectrum SPF 15,bareMinerals,$27.00
4.4748,Tinted Moisturizer Broad Spectrum SPF 20,Laura Mercier,$20.50 - $43.00
4.3771,TOUCHE ÉCLAT - Radiant Touch,Yves Saint Laurent,$41.00
4.3595,Amazing Concealer,Amazing Cosmetics,$42.00
4.398,Radiant Creamy Concealer,NARS,$29.00
4.0833,POREfect Hideaway,Benefit Cosmetics,$31.00
4.3674,Full Cover Concealer,MAKE UP FOR EVER,$32.00
4.5192,bareMinerals Broad Spectrum  Multi-Tasking Face,bareMinerals,$18.00
4.143,Secret Camouflage,Laura Mercier,$32.00
3.9822,Fake Up Concealer,Benefit Cosmetics,$24.00
4.269,Boi-ing,Benefit Cosmetics,$20.00
3.7855,Creamy Concealer Kit,Bobbi Brown,$34.00
4.5952,Re(Marc)able Full Cover Concealer,Marc Jacobs Beauty,$32.00
4.4549,EFFACERNES - Waterproof Protective Undereye Concealer,Lancôme,$30.50
4.0826,HD Invisible Cover Concealer,MAKE UP FOR EVER,$29.00
3.9626,Lock-It Tattoo Concealer,Kat Von D,$25.00
4.3348,Mister Light Instant Light Corrective Pen,Givenchy,$34.00
4.1781,Erase Paste,Benefit Cosmetics,$26.00
4.2596,bareminerals® Stroke of Light™ Eye Brightener,bareMinerals,$22.00
4.3655,Diorskin Nude Skin Perfecting Hydrating Concealer,Dior,$32.00
3.9393,Concealer,NARS,$24.00
3.9614,Maracuja Creaseless Concealer,Tarte,$24.00
3.9843,bareminerals® Correcting Concealer Broad Spectrum SPF 20,bareMinerals,$20.00
4.7059,Everlasting Bronzer,Kat Von D,$25.00
4.6923,Diorskin Nude Tan Nude Glow Sun Powder,Dior,$52.00
4.8333,The Bronzer Glow Bronzing Powder,Dolce & Gabbana,$51.00
4.2716,Superficial Waterproof Bronzer,Hourglass,$45.00
4.6667,Superbalanced Powder Bronzer,CLINIQUE,$34.50
4.0789,Bronzed & Poreless Poreless Pore Perfecting Bronzer,Too Faced,$30.00
4.8235,TERRE SAHARIENNE - Bronzing Powder SPF 12,Yves Saint Laurent,$50.00
4.3846,STAR BRONZER NATURAL GLOW Long Lasting Bronzing Powder,Lancôme,$35.00
4.7143,Bronzer,COVER FX,$28.00
4.1875,Endless Summer 16 Hour Long-Wear Bronzer,Too Faced,$30.00
4.4176,Stila Sun Bronzing Powder,Stila,$28.00
4.12,One Step Bronze,Stila,$36.00
3.9815,Stay All Day® 10-In-One HD Bronzing Beauty Balm With Broad Spectrum SPF 30,Stila,$38.00
4.2683,Amazonian Clay and Annatto Body Bronzer,Tarte,$37.00
3.5534,CC Cream Time Release Tinted Treatment SPF 30,COVER FX,$45.00
4,Smarty Plants™ CC SPF 20 Skin Complexion Corrector,Origins,$35.00
4.0455,Water Fuse Beauty Balm SPF 25 PA++,Dr. Jart+,$34.00
4.1266,Skin Perfection CC Crème SPF 30,Perfekt,$42.00
4.0926,Camera Ready BB Cream Eyes Broad Spectrum SPF 15,Smashbox,$25.00
3.6667,Colored Clay CC Primer,Tarte,$34.00
4.3429,Lingerie De Peau BB Cream SPF 30,Guerlain,$52.00
3.8,IllumiKate CC Cream Broad Spectrum SPF 50+ PA+++,Kate Somerville,$48.00
3,CC Cream SPF 18,Dr. Dennis Gross Skincare,$36.00
4,Perfect Truth™ CC Eye Crème Broad Spectrum SPF 15,Ole Henriksen,$26.00
3.8784,B.B. Cream Light Broad Spectrum SPF 27 PA++,boscia,$38.00
4.2549,CC Essence Balm,Dr. Jart+,$42.00
3.8649,Complexion Perfector BB SPF 20,Omorovicza,$135.00
5,Stay All Day® 10-in-1 HD Beauty Balm Trio Broad-Spectrum SPF 30,Stila,$24.00
4.2194,Amazonian Clay BB Illuminating Moisturizer,Tarte,$32.00
3.3458,DD Cream 15-Benefits-In-1 Dermatologically Defining BB Cream Broad Spectrum SPF 30,DERMAdoctor,$38.00
3.8308,Satin Perfection BB Cream Sunscreen,REN,$38.00
3.0036,Air Buffed BB Crème Complete Coverage Makeup Broad Spectrum SPF 20 Sunscreen,Too Faced,$39.00
3.4194,cc glow Broad Spectrum SPF 30,Dr. Brandt Skincare,$39.00
0,CC Eye Correcting Concealer,Peter Thomas Roth,$42.00
3.3695,Flexitone™ BB Cream,Dr. Brandt Skincare,$39.00
3.5125,BB Matte With Signature Shinerase™,Dr. Brandt Skincare,$39.00
3.5,Stay All Day® 10-In-One HD  Beauty Balm With Broad Spectrum SPF 30,Stila,$38.00
3.6765,V7 Beauty Balm,Dr. Jart+,$36.00
4.1482,Photo Finish Color Correcting Foundation Primer,Smashbox,$38.00
3.9525,De-Slick Oil-Control Makeup Setting Spray,Urban Decay,$14.00 - $30.00
4.2857,Capture Totale Dream Skin,Dior,$110.00
4.4356,pores no more® pore refiner,Dr. Brandt Skincare,$45.00
3.6957,Visionnaire 1-Minute Blur,Lancôme,$55.00
4.1057,Foundation Primer - Radiance,Laura Mercier,$19.50 - $33.00
4.2103,Foundation Primer,Laura Mercier,$33.00
4.0736,Skin Perfection Gel,Perfekt,$48.00
4.3453,Photo Finish Foundation Primer Light,Smashbox,$10.00 - $49.00
3.9492,One Step Correct,Stila,$36.00
4.4951,The Secret To No Makeup Makeup,Too Faced,$39.00
4.5588,Shimmer Brick - Rose,Bobbi Brown,$42.00
4.3871,Convertible Color,Stila,$25.00
4.4116,Cha Cha Tint,Benefit Cosmetics,$30.00
4.6937,BLUSH SUBTIL - Delicate Oil-Free Powder Blush,Lancôme,$30.00
4.5808,Dallas,Benefit Cosmetics,$28.00
4.5882,DiorBlush Vibrant Colour Powder Blush,Dior,$42.00
4.5955,Powder Blusher,Illamasqua,$26.00
4.5746,MicroSmooth Baked Blush Duo,SEPHORA COLLECTION,$17.00
4.5764,Powder Blush,MAKE UP FOR EVER,$21.00
4.4899,bareMinerals READY™ Blush,bareMinerals,$22.00
4.425,Mineral Blush,BECCA,$32.00
4.6343,Hervana,Benefit Cosmetics,$28.00
4.5205,Blushing Blush Powder Blush,CLINIQUE,$21.00
4.2889,Shimmer Brick - Nectar,Bobbi Brown,$42.00
4.6379,Everlasting Blush,Kat Von D,$25.00
4.6481,MicroSmooth Baked Sculpting Contour Trio,SEPHORA COLLECTION,$21.00
4.3579,Argan Color Stick,Josie Maran,$22.00
4.5829,Blush Rush,Smashbox,$24.00
3.7857,Cheek Stain Collector's Vault,Tarte,$150.00
4.3636,Luminizing Satin Face Color,Shiseido,$30.00
4.1221,Shameless Bold Blush,Marc Jacobs Beauty,$30.00
4.3866,Sugarbomb,Benefit Cosmetics,$28.00
4.5133,Buxom True Hue™ Blush,Buxom,$24.00
4.3551,Halo Long Wear Blush,Smashbox,$24.00
4.0126,Smooth Focus Pressed Setting Powder - Shine Control,Laura Mercier,$34.00
3.2222,The POREfessional Agent Zero Shine,Benefit Cosmetics,$30.00
4.2667,Perfect Skin Mineral Powder Foundation,BECCA,$40.00
4.6154,Perfection Powder - Featherweight Finish,Marc Jacobs Beauty,$48.00
4.3613,Amazing Face SPF 15 Foundation Powder,Too Faced,$32.00
3.9672,Airflash Matte Touch,Dior,$49.00
4.2006,Powderful™ Amazonian Clay Pressed Mineral Powder,Tarte,$30.00
3.9225,Naked Skin Ultra Definition Pressed Finishing Powder,Urban Decay,$34.00
4.3327,De-Slick Mattifying Powder,Urban Decay,$32.00
4.1853,Undercover Pot,Laura Mercier,$34.00
4.1111,Skin Foundation Mineral Makeup SPF 15,Bobbi Brown,$39.00
4.2174,Primed & Poreless Pressed Powder,Too Faced,$30.00
4.3441,Illuminating Powder Foundation,Stila,$28.00
4.2384,Pressed Powder,NARS,$35.00
4.4762,Blotting Powder Perfector,BECCA,$38.00
4.4687,HD Complexion Starter Kit,MAKE UP FOR EVER,$79.00
4.3406,Tinted Moisturizer Broad Spectrum SPF 20 - Oil Free,Laura Mercier,$43.00
4.5205,Diorskin Forever Compact Flawless Perfection Fusion Wear Makeup SPF 25,Dior,$50.00
4.4406,LE TEINT TOUCHE ÉCLAT Illuminating Foundation SPF 19,Yves Saint Laurent,$57.00
4.2862,Mat Velvet + Matifying Foundation,MAKE UP FOR EVER,$36.00
4.3817,Naked Skin Weightless Ultra Definition Liquid Makeup,Urban Decay,$39.00
4.4454,Pure Radiant Tinted Moisturizer Broad Spectrum SPF 30,NARS,$42.00
4.625,Lingerie De Peau Invisible Skin Fusion Foundation SPF 20,Guerlain,$61.00
4.3905,Diorskin Forever Flawless Perfection Wear Makeup,Dior,$49.00
4.5111,Duo Mat Powder Foundation,MAKE UP FOR EVER,$34.00
4.1975,Amazonian Clay 12-Hour Full Coverage Foundation SPF 15,Tarte,$38.00
4.3711,'Hello Flawless!' SPF 15,Benefit Cosmetics,$34.00
3.5034,READY® Foundation Broad Spectrum SPF 20,bareMinerals,$29.00
4.347,Color Control Cushion Compact Broad Spectrum SPF 50+,AmorePacific,$60.00
4.2308,Try. Believe. Love. Kit,bareMinerals,$20.00
4.3878,Teint Idole Ultra 24H,Lancôme,$45.50
4.3196,BB Tinted Treatment 12-Hour Primer Broad Spectrum SPF 30 Sunscreen,Tarte,$10.00 - $34.00
3.9146,Pro Finish Multi-Use Powder Foundation,MAKE UP FOR EVER,$36.00
4.508,DUAL FINISH - Versatile Powder Makeup,Lancôme,$38.50
4.4181,Illusion® Tinted Moisturizer Broad Spectrum SPF 15,Hourglass,$55.00
4.4861,Mineral Powder SPF 15,Laura Mercier,$38.00
4.3825,HALO Hydrating Perfecting Powder,Smashbox,$22.00 - $49.00
3.9594,Camera Ready CC Cream Broad Spectrum SPF 30 Dark Spot Correcting,Smashbox,$19.50 - $42.00
4.1667,Argan Matchmaker Complexion Kit,Josie Maran,$68.00
4.0247,Remedy Concealer Pen,Marc Jacobs Beauty,$39.00
4.4631,Skinflash Radiance Booster Pen,Dior,$37.00
4.1796,Smooth Operator™ Amazonian Clay Waterproof Concealer,Tarte,$22.00
3.8907,5 Camouflage Cream Palette,MAKE UP FOR EVER,$38.00
4.4733,ANTI-CERNES - Multi-Action Concealer,Yves Saint Laurent,$37.00
4.4467,MAQUICOMPLET - Complete Coverage Concealer,Lancôme,$30.50
4.0089,High Definition Concealer,Smashbox,$22.00
4.2972,Amazing Concealer To Go,Amazing Cosmetics,$28.00
4.2991,Hidden Corrective Concealer,Hourglass,$32.00
3.7,bareMinerals Heal & Conceal Acne Treatment & Concealer,bareMinerals,$25.00
4.1156,Camera Ready Full Coverage Concealer,Smashbox,$20.00
4.1292,Line Smoothing Concealer,CLINIQUE,$17.00
4.2099,"Airbrush Concealer Illuminates, Perfects",CLINIQUE,$19.50
4.1205,Stay All Day® Foundation & Concealer,Stila,$44.00
4.1853,Undercover Pot,Laura Mercier,$34.00
4,No Concealer Concealer,Perricone MD,$45.00
4.3771,TOUCHE ÉCLAT - Radiant Touch,Yves Saint Laurent,$41.00
4.3102,Ambient Lighting Powder,Hourglass,$45.00
4.3684,The Multiple,NARS,$39.00
4.4695,Naked Flushed,Urban Decay,$30.00
4.4885,Dandelion,Benefit Cosmetics,$28.00
4.4071,Watt's Up!,Benefit Cosmetics,$30.00
4.6162,Shimmering Skin Perfector SPF 25+,BECCA,$41.00
4.4764,High Beam,Benefit Cosmetics,$26.00
4.2963,Illuminator,NARS,$30.00
4.4713,Shimmering Skin Perfector™ Pressed,BECCA,$38.00
4.5267,Shimmer Brick - Bronze,Bobbi Brown,$42.00
4.3043,STAR BRONZER - Magic Bronzing Brush - Automatic Powder Brush for Face and Body,Lancôme,$35.00
3.5263,Bronze & Glow™ Matte Bronzer & Cheek Tint,Tarte,$32.00
4.7292,O!Mega Bronze - Perfect Tan,Marc Jacobs Beauty,$49.00
0,The Mascara & Bronzing Holy Grail Set,Too Faced,$23.00
4.4974,Beach Bunny Custom-Blend Bronzer,Too Faced,$30.00
4.2677,Illume Creme-To-Powder Bronzer Duo,Hourglass,$40.00
4.25,Mineral Bronzing Powder,BECCA,$40.00
4.1562,Custom Color Bronze,Stila,$20.00
0,Bronzed And Blushing Face Palette,SEPHORA COLLECTION,$15.00
0,“Sol de Rio” Bronzing Powder,SEPHORA COLLECTION,$22.00
0,Diorskin Nude Tan Matte Sun Powder,Dior,$52.00
5,Bronze Goddess Powder Bronzer,Estee Lauder,$36.00
4.8889,Contour Kit,Anastasia Beverly Hills,$40.00
4.2059,Terracotta Mineral Flawless Bronzing Powder,Guerlain,$66.00
4.0909,Ultra Luminous Bronzer,EDWARD BESS,$45.00
0,BB Dis-A-Pore Beauty Balm,Dr. Jart+,$36.00
3.9815,Stay All Day® 10-In-One HD Bronzing Beauty Balm With Broad Spectrum SPF 30,Stila,$38.00
3.9474,Chinese Licorice Anti-Aging Color Correction CC Cream,Wei,$45.00
3.625,CC Care + Color,SEPHORA COLLECTION,$24.00
3.5078,Water Fuse Smart Gel BB,Dr. Jart+,$36.00
0,BB Radiance Beauty Balm,Dr. Jart+,$42.00
4,Ultra Dewy Complexion Perfector,EDWARD BESS,$56.00
0,Moisture Surge CC Compact,CLINIQUE,$35.00
0,Bronze Perfect CC Cream,SEPHORA COLLECTION,$26.00
3.9412,RÉNERGIE ÉCLAT MULTI-LIFT Multi-Action Tinted Skincare Illuminate + Lift Instant Enhancer,Lancôme,$75.00
3.8226,Renewalist BB Beauty Balm,Dr. Jart+,$36.00
0,BB Bounce Beauty Balm,Dr. Jart+,$48.00
4.3318,N° 28 Primer Serum,Hourglass,$22.00 - $65.00
4.0476,'That Gal' Brightening Face Primer,Benefit Cosmetics,$29.00
4.125,Photo Finish Foundation Primer SPF 20 With Dermaxyl™ Complex,Smashbox,$10.00 - $42.00
3.9722,L'or Radiance Concentrate With Pure Gold Make-up Base,Guerlain,$73.00
4.3152,LA BASE PRO Perfecting Makeup Primer,Lancôme,$42.00
4.227,Photo Finish Hydrating Foundation Primer,Smashbox,$10.00 - $42.00
4.4722,Chill Makeup Setting Spray,Urban Decay,$30.00
4.7143,BLUSH SUBTIL PALETTE,Lancôme,$42.00
4.4115,Blushwear Cream Stick,CLINIQUE,$21.00
4.3429,Shimmer Brick - Pink Quartz,Bobbi Brown,$42.00
3.8201,Fine One One,Benefit Cosmetics,$30.00
3.5253,Lip & Cheek Stain,Stila,$24.00
4.6667,BLUSH RADIANCE - Radiant Blush,Yves Saint Laurent,$45.00
4.1641,Hydra Sparkling Magic Lip & Cheek Balm,Givenchy,$31.00
4.8,Pure Color Blush,Estee Lauder,$30.00
3.9259,Shimmer Blush,Bobbi Brown,$26.00
4.4614,Double Contouring Cream Blush,SEPHORA COLLECTION,$16.00
4.5,Airblush Maracuja Blush,Tarte,$25.00
3.3965,Magic Marker Lip & Cheek Stain,Josie Maran,$19.00
4.5649,Cream Blusher,Illamasqua,$26.00
4.2419,Cheek Perfection Gel,Perfekt,$28.00
4.0122,O-GLOW - Intuitive Cheek Color With Goji Berry-C Complex™,Smashbox,$28.00
4.1625,Soft-Pressed Powder Blusher,CLINIQUE,$21.00
4.5556,Blush,MAKE UP FOR EVER,$25.00
4.38,Custom Color Blush,Stila,$20.00
4.7802,Rush Luster Cheek Sweep,SEPHORA+PANTONE UNIVERSE,$26.00
4.7463,BLUSH SUBTIL SHEER - Delicate Oil-Free Powder Blush,Lancôme,$30.00
3.5263,Bronze & Glow™ Matte Bronzer & Cheek Tint,Tarte,$32.00
4.6613,BLUSH SUBTIL SHIMMER - Delicate Oil-Free Powder Blush,Lancôme,$30.00
1.7647,15th Anniversary Mineral Veil Finishing Powder,bareMinerals,$26.00
0,Smooth Operator™ Amazonian Clay Pressed Finishing Powder,Tarte,$34.00
3.8103,Oily Problem Skin Instant Mineral Powder SPF 30,Peter Thomas Roth,$30.00
4.0765,Oxygen Foundation Mineral Powder,Hourglass,$46.00
3.9712,The Makeup Perfect Smoothing Compact Foundation SPF 15,Shiseido,$9.00 - $31.00
4.0813,Smoothing Translucent Setting Powder,SEPHORA COLLECTION,$16.00
4.4118,Sheer Matifying Compact SPF 22,Shiseido,$8.50 - $30.00
4.2077,Invisible Loose Setting Powder,Laura Mercier,$35.00
4.2251,Secret Brightening Powder,Laura Mercier,$24.00
3.9062,Perfection Powder - Featherweight Foundation,Marc Jacobs Beauty,$46.00
4.2812,Illuminating Setting Powder,COVER FX,$32.00
4.359,Sun Protection Compact Foundation SPF 36 PA+++,Shiseido,$8.00 - $27.00
4.3797,Skin Foundation Stick,Bobbi Brown,$44.00
3.8945,Moisture Surge CC Cream Hydrating Colour Corrector Broad Spectrum SPF 30,CLINIQUE,$35.00
4.4856,Perfection Mist Airbrush Foundation,SEPHORA COLLECTION,$26.00
4.3167,Sheer Glow Foundation,NARS,$45.00
4.4579,Photo'Perfexion Fluid Foundation SPF 20 PA+++,Givenchy,$48.00
4.4345,Diorskin Nude Skin-Glowing Makeup SPF 15,Dior,$49.00
4.2969,Amazonian Clay Airbrush Foundation,Tarte,$36.00
4.2467,Silk Creme Foundation,Laura Mercier,$45.00
4,Smooth Finish Foundation Powder,Laura Mercier,$45.00
4.25,bareMinerals Matte Foundation Broad Spectrum SPF 15,bareMinerals,$27.00
4.4912,bareMinerals Customizable Get Started Kit,bareMinerals,$49.00
3.9335,CC Cream Broad Spectrum SPF 30 Complexion Corrector,Peter Thomas Roth,$48.00
4.4185,Tinted Moisturizer SPF 20 - Illuminating,Laura Mercier,$43.00
3.9261,BB Cream Broad Spectrum SPF 35,Bobbi Brown,$44.00
4.2824,Skin Foundation SPF 15,Bobbi Brown,$48.00 - $49.00
4.3666,Face & Body Liquid Makeup,MAKE UP FOR EVER,$40.00
4,bareMinerals® Get Started® Kit,bareMinerals,$49.00
3.9496,B.B. Cream Broad Spectrum SPF 27 PA++,boscia,$18.00 - $38.00
3.962,8 HR Mattifying Compact Foundation,SEPHORA COLLECTION,$22.00
4.4125,Studio Skin 15 Hour Wear Foundation,Smashbox,$42.00
4.1711,Veil Fluid Makeup Oil Free Broad Spectrum SPF 15,Hourglass,$60.00
3.9651,Genius Gel Super-Charged Foundation,Marc Jacobs Beauty,$48.00
3.885,Long-Wear Even Finish Foundation SPF 15,Bobbi Brown,$48.00
4.1678,Black Label Detox BB Beauty Balm,Dr. Jart+,$18.00 - $36.00
4.1687,Aqua Foundation SPF 15 PA++,Koh Gen Do,$62.00
4.2377,Cream Concealer,COVER FX,$27.00
4.028,Advanced Concealer,CLINIQUE,$17.00
3.9665,Smoothing & Brightening Concealer,SEPHORA COLLECTION,$17.00
4.0532,Argan Creamy Concealer Crayon,Josie Maran,$20.00
4.1347,24/7 Concealer Pencil,Urban Decay,$19.00
3.7226,Photo Op Under Eye Brightener,Smashbox,$20.00
3.645,Acne Solutions Clearing Concealer,CLINIQUE,$17.00
3.8556,bareminerals® Well-Rested® Face & Eye Brightener,bareMinerals,$22.00
4.1622,Dual Coverage Compact Concealer,BECCA,$28.00
4.2927,Natural Finish Cream Concealer,Shiseido,$25.00
4.1669,Perfecting Concealer,Stila,$23.00
3.2667,10HR Fix & Correct Concealer,SEPHORA COLLECTION,$17.00
4.2289,Continuous Coverage,CLINIQUE,$24.00
3.9714,Skin Perfection Conceal,Perfekt,$28.00
3.75,Moisture Concealer,Koh Gen Do,$54.00
3.8571,TOUCHE ÉCLAT - Radiant Touch Collector Edition,Yves Saint Laurent,$45.00
3.7869,8 HR Wear Perfect Cover Concealer,SEPHORA COLLECTION,$15.00
4.2778,Le Prisme Visage Mat Soft Compact Face Powder,Givenchy,$47.00
4.6073,Soft Lights,Smashbox,$30.00
4.6228,Matte Radiance Baked Powder Compact,Laura Mercier,$36.00
4.0804,Stay All Day® 10-In-One HD Illuminating Beauty Balm With Broad Spectrum SPF 30,Stila,$38.00
4.286,Fusion Soft Lights,Smashbox,$30.00
4.3428,Argan Illuminizer,Josie Maran,$28.00
4.5588,Shimmer Brick - Rose,Bobbi Brown,$42.00
4.3166,Perfectly Lit Oil-Free Luminizing Powder,LORAC,$32.00
4.3471,MicroSmooth Baked Luminizer,SEPHORA COLLECTION,$14.00
4.311,Candlelight Glow Highlighting Powder Duo,Too Faced,$30.00
4.6343,Hervana,Benefit Cosmetics,$28.00
4.2889,Shimmer Brick - Nectar,Bobbi Brown,$42.00
4.6481,MicroSmooth Baked Sculpting Contour Trio,SEPHORA COLLECTION,$21.00
3.5,Travel-size Photo Finish Luminizing Foundation Primer,Smashbox,$8.00
4.3059,Girl Meets Pearl,Benefit Cosmetics,$30.00
4.2353,Glow Maximizer Primer,Dior,$42.00
4.375,Limited Edition Illuminating Bronzing Powder,Bobbi Brown,$38.00
4.3636,Luminizing Satin Face Color,Shiseido,$30.00
4.2933,Diamond Powder,MAKE UP FOR EVER,$25.00
4.2182,Super City Block Oil-Free Daily Face Protector Broad Spectrum 40 SPF,CLINIQUE,$22.00
4.2794,Perfecting Ultra-Smoothing Primer,SEPHORA COLLECTION,$15.00
4.4012,Instant Smooth Perfecting Touch,Clarins,$35.00
3.6438,Ever-Matte Poreless Priming Perfector™,BECCA,$36.00
4.375,Wondervision Jumbo Photo Finish Foundation Primer,Smashbox,$49.00
4.3024,B6 Vitamin-Infused Complexion Prep Spray,Urban Decay,$15.00 - $33.00
4.125,Photo Finish More Than Primer - Blemish Control,Smashbox,$42.00
3.8214,Mattifying Primer With Anti-Acne Treatment,COVER FX,$16.00 - $38.00
3.8421,Airflash CC Primer - Radiance Booster Color Correcting Primer,Dior,$49.00
4.287,Quercetin & Oak Age-reversing Primer,Korres,$33.00
4,Foundation Primer Protect Broad Spectrum SPF 30 Sunscreen PA+++,Laura Mercier,$33.00
3.9609,Pro-Prime™ Pore Refining Primer - Oil-Free,NARS,$34.00
4.0734,City Block Sheer Oil-Free Daily Face Protector SPF 25,CLINIQUE,$22.00
3.9672,Airflash Matte Touch,Dior,$49.00
4.36,Beauty Flash Balm,Clarins,$46.00
4.4815,Resurfacing Primer,BECCA,$40.00
4.3138,bareVitamins - Skin Rev-er Upper,bareMinerals,$21.00
4,Foundation Primer - Radiance Bronze,Laura Mercier,$33.00
4.2455,Clean Slate Poreless 12-Hr Perfecting Primer,Tarte,$30.00
4.1875,Mist & Fix,MAKE UP FOR EVER,$12.00 - $29.00
3.0578,Stay Flawless 15 - Hour Primer,Benefit Cosmetics,$32.00
3.878,Pro-Prime™ Light Optimizing Primer Broad Spectrum SPF 15,NARS,$34.00
4.0857,Crème Colour Concentrate,Obsessive Compulsive Cosmetics,$20.00
3.4,Blush,ELLIS FAAS,$32.00
3.5574,Lip Rouge,Bite Beauty,$22.00
4.0328,Photo Set Pressed Powder,Smashbox,$30.00
4.2763,POUDRE COMPACTE ÉCLAT ET MATITE - Matt & Radiant Pressed Powder,Yves Saint Laurent,$46.00 - $47.00
4.5294,Translucent Pressed Powder,Shiseido,$32.00
4.0669,Absolutely Invisible Candlelight Powder,Too Faced,$30.00
4.2788,Primed & Poreless Powder,Too Faced,$30.00
4.5455,Translucent Loose Powder,Shiseido,$35.00
3.9833,Set & Correct Baked Powder Trio,Stila,$34.00
4.0115,Blotting Powder,COVER FX,$24.00
4.6818,Natural Lighting Powder,Koh Gen Do,$42.00
4.0905,Absolutely Invisible Translucent Pressed Powder,Too Faced,$27.00
4.4,Face Powder In Jar,Koh Gen Do,$42.00
5,Face Powder,Koh Gen Do,$69.00
3.5455,Sweetheart Beads Radiant Glow Face Powder,Too Faced,$32.00
3.5455,Redness Solutions Instant Relief Mineral Pressed Powder,CLINIQUE,$34.50
4.0924,DiorSkin Nude Natural Glow Crème-Gel Makeup SPF 20,Dior,$50.00
3.5,The Pressed Powder,Dolce & Gabbana,$60.00
4.2941,Powder Set,Amazing Cosmetics,$27.00
4,Soft Focus Finishing Pressed Powder,Sunday Riley,$40.00
2.5,Invisible Pressed Setting Powder,Laura Mercier,$32.00
4.3636,Illuminating Setting Powder,COVER FX,$10.00
4.3396,Powder Foundation,Illamasqua,$36.00
4.0984,Velvet Mineral Pressed Powder Foundation,Amazing Cosmetics,$36.00
3.5701,The Big Easy Liquid To Powder SPF 35 Foundation,Benefit Cosmetics,$38.00
4.3382,Amazonian Clay BB Tinted Moisturizer Broad Spectrum SPF 20 Sunscreen,Tarte,$36.00
4.0137,Argan Matchmaker Serum Foundation,Josie Maran,$42.00
3.9137,Hydra Life BB Creme Broad Spectrum SPF 30,Dior,$56.00
4.1684,Start Getting Naked Ultra Definition Complexion Kit,Urban Decay,$49.00
4.0736,Skin Perfection Gel,Perfekt,$48.00
3.8543,'Hello Flawless!' Oxygen Wow Liquid Foundation,Benefit Cosmetics,$36.00
4.2222,10 HR Wear Perfection Foundation,SEPHORA COLLECTION,$20.00
4.5833,Diorskin Nude Compact,Dior,$50.00
4.625,Teint Couture Long-Wearing Compact Foundation SPF 10 PA++,Givenchy,$55.00
3.9549,How To Look The Best At Everything,Benefit Cosmetics,$32.00
4.1607,Total Cover Cream Foundation,COVER FX,$42.00
4.4074,The Foundation Perfect Finish Powder Foundation,Dolce & Gabbana,$60.00
3.8792,Naked Skin Beauty Balm Broad Spectrum SPF 20,Urban Decay,$14.00 - $34.00
4.0591,Show Some Skin Weightless Foundation,Buxom,$34.00
4.3936,Capture Totale Foundation,Dior,$82.00
4.34,Superpowder Double Face Makeup,CLINIQUE,$23.00
4.3279,AMERICANA Custom Coverage Concentrate,ARDENCY INN,$38.00
4.2143,Concealer,ELLIS FAAS,$40.00
0,Touche Eclat Rain Strass Edition,Yves Saint Laurent,$45.00
3.3614,Tattoo Eraser,Kat Von D,$14.00
4.3974,Precious Light Rejuvenating Illuminator,Guerlain,$51.00
4.3878,Sun Beam,Benefit Cosmetics,$26.00
4.6923,Aqua Foundation Illuminator,Koh Gen Do,$39.00
4.3125,Set & Illuminate Baked Powder Trio,Stila,$34.00
4.4,All Over Shimmer Duo,Stila,$22.00
4.0669,Absolutely Invisible Candlelight Powder,Too Faced,$30.00
4.3429,Shimmer Brick - Pink Quartz,Bobbi Brown,$42.00
4.5641,Star Powder,MAKE UP FOR EVER,$20.00
3.8201,Fine One One,Benefit Cosmetics,$30.00
4.2194,Amazonian Clay BB Illuminating Moisturizer,Tarte,$32.00
3.7391,Halo Highlighting Wand,Smashbox,$32.00
3.8571,TOUCHE ÉCLAT - Radiant Touch Collector Edition,Yves Saint Laurent,$45.00
4.3387,Illuminating Tinted Moisturizer Oil-Free SPF 20,Stila,$32.00
4.2333,Compact Shine On,MAKE UP FOR EVER,$30.00
4.0365,Uplight Face Luminizer Gel,MAKE UP FOR EVER,$29.00
0,Touche Eclat Rain Strass Edition,Yves Saint Laurent,$45.00
4.1111,Mister Radiant,Givenchy,$39.00
3.7931,Secret Brightener,Laura Mercier,$30.00
3.8235,Loose Colour Concentrate,Obsessive Compulsive Cosmetics,$14.00
3.5455,Sweetheart Beads Radiant Glow Face Powder,Too Faced,$32.00
3.7273,bareMinerals READY® Luminizer,bareMinerals,$22.00
4.0465,All Over Shimmer Liquid Luminizer,Stila,$20.00
3.6585,Photo Finish More Than Primer Dark Spot Correcting,Smashbox,$42.00
3.5,Travel-size Photo Finish Luminizing Foundation Primer,Smashbox,$8.00
4.2456,Clean Slate Flawless 12-Hr Brightening Primer,Tarte,$30.00
3.3542,Dr. Feelgood Mini,Benefit Cosmetics,$9.00
3.7882,Pomegranate Mattifying Primer,Korres,$33.00
4.587,Anti Aging Face Primer,Amazing Cosmetics,$34.00
3.6667,Colored Clay CC Primer,Tarte,$34.00
4.2353,Glow Maximizer Primer,Dior,$42.00
4.1818,Pore Corrector Anti-Aging Primer,Algenist,$42.00
3.815,Anti-Shine Foundation Primer,SEPHORA COLLECTION,$17.00
4.2054,The Present® Invisible Skin Perfector & Oil-Free Makeup Primer,Philosophy,$30.00
4.1739,Refining Makeup Primer SPF 21,Shiseido,$30.00
3.877,Skinflash Primer - Radiance Boosting Makeup Primer,Dior,$42.00
2.8358,bareMinerals Prime Time™ Foundation Primer - Oil Control,bareMinerals,$23.00
4.2432,SOIN PINCEAU ÉCLAT INSTANTANÉ - Top Secrets Flash Radiance Skincare Brush,Yves Saint Laurent,$55.00
4.6667,Velvet Blusher,Illamasqua,$26.00
3.9706,Maracuja Blush & Glow,Tarte,$32.00
4.6667,Blush Impériale,EDWARD BESS,$42.00
4.3158,Blush Gelée - Jelly Blush,Givenchy,$34.00
4.8333,Rose Aux Joues,Guerlain,$52.00
4.1429,Pure Cosmetic Pigment,Obsessive Compulsive Cosmetics,$14.00
4.3,Compact Rouge For Lips and Cheeks,EDWARD BESS,$38.00
0,Bronzed And Blushing Face Palette,SEPHORA COLLECTION,$15.00
4.5758,Terracotta Blush Sun Shimmer Highlighter,Guerlain,$43.00
4,Blush Extraordinaire,EDWARD BESS,$43.00
4.6364,Blush,Sunday Riley,$30.00
5,Triple Lighting Foundation Compact,Koh Gen Do,$20.00
4.375,Soft Focus Finishing Loose Powder,Sunday Riley,$45.00
3.5,Powder,ELLIS FAAS,$30.00
2.5,Illuminating Powder Foundation - Empty Compact,Stila,$14.00
4.5,Ambient Lighting Palette,Hourglass,$58.00
0,Diorskin Nude Tan Matte Sun Powder,Dior,$52.00
4.8889,Contour Kit,Anastasia Beverly Hills,$40.00
4.2857,Premium Pressed Powder,Koh Gen Do,$73.00
4.125,Maifanshi UV Face Powder SPF 20 PA++,Koh Gen Do,$42.00
3.7407,Velvet Mineral Powder Foundation,Amazing Cosmetics,$34.00
0,Ellis Case,ELLIS FAAS,$13.00
4.2054,Pressed Mineral Foundation,COVER FX,$35.00
4.3202,TEINT MIRACLE,Lancôme,$42.50
4.0302,Lock-It Powder Foundation,Kat Von D,$34.00
3.5145,Oil Free Suprême Foundation,Laura Mercier,$45.00
4.1707,CC Color Correcting Cream Broad Spectrum SPF 20,Stila,$44.00
4.215,MicroSmooth Baked Foundation Face Powder,SEPHORA COLLECTION,$22.00
3.9415,No Foundation Foundation,Perricone MD,$55.00 - $85.00
3.9682,Skin Perfect CC Cream SPF 20,SEPHORA COLLECTION,$26.00
4.2227,Acne Solutions Liquid Makeup,CLINIQUE,$27.00
4.0183,Argan Matchmaker Powder Foundation SPF 20,Josie Maran,$34.00
4.4184,Powder Foundation SPF 12,NARS,$45.00
4.375,Perfect Hydrating BB Cream Broad Spectrum SPF 35 Sunscreen,Shiseido,$33.00
3.8528,Perfect Truth™ CC Crème Broad Spectrum SPF 30,Ole Henriksen,$36.00
4.5327,Face Touch Up Stick,Bobbi Brown,$26.00
4.4136,RÉNERGIE LIFT MAKEUP SPF 20 - Lifting-Radiance,Lancôme,$45.50
4.1751,Tinted Beauty Balm SPF 20,Too Faced,$34.00
3.9107,Age Defense BB Cream Broad Spectrum SPF 30,CLINIQUE,$37.00
4.1642,Stay-Matte Oil-Free Makeup,CLINIQUE,$23.00
3.875,Double Wear Stay-In-Place Flawless Wear Concealer,Estee Lauder,$23.00
3.8,Double Wear Stay-In-Place High Cover Concealer,Estee Lauder,$23.00
3.7895,Skin Conceal,Obsessive Compulsive Cosmetics,$20.00
0,Sheer Eye Zone Corrector,Shiseido,$30.00
4.0408,Even Better Concealer,CLINIQUE,$19.50
4,Perfect Matte Concealer,Dolce & Gabbana,$41.00
3.9286,Liquid TimeBalm Spot Concealer,TheBalm,$20.00
4.0754,DiorSkin Sculpt Lifting Smoothing Concealer,Dior,$36.00
4.4,The Concealer Perfect Finish Concealer,Dolce & Gabbana,$38.00
3.5,Skin Base Lift,Illamasqua,$25.00
4,Liquid Treatment Concealer,Koh Gen Do,$48.00
4.1667,Platinum Concealer,EDWARD BESS,$38.00
0,No Dark Shadows,No Bleeding Lips,$20.00
2.4,Radiant Skin Creamy Concealer,BECCA,$32.00
3.6,Dry Touch Crème-To-Powder Concealer,Sunday Riley,$28.00
4.2059,The Makeup Corrector Pencil,Shiseido,$18.00
4.1887,Concealer Pencil,MAKE UP FOR EVER,$19.00
4,Instant Light Brush-On Perfector,Clarins,$34.00
3.5873,Redness Solutions Targeted Corrector,CLINIQUE,$19.50
3.3333,Concealer,Illamasqua,$20.00
4.1667,Météorites Powder For The Face,Guerlain,$60.00
4.7802,Rush Luster Cheek Sweep,SEPHORA+PANTONE UNIVERSE,$26.00
4,The Illuminator Glow Illuminating Powder,Dolce & Gabbana,$51.00
3.625,bareMinerals READY® Luminizer Duo,bareMinerals,$24.00
4.2355,Glitters,MAKE UP FOR EVER,$15.00
4.2199,Up-Lighting Liquid Illuminator,CLINIQUE,$26.00
5,Illuminator,COVER FX,$28.00
4.2188,One Step Illuminate,Stila,$36.00
3.9333,Glowlight Amazonian Clay Luminizing Wand,Tarte,$25.00
3.9706,Maracuja Blush & Glow,Tarte,$32.00
3.1818,Cosmetic Glitters,Obsessive Compulsive Cosmetics,$14.00
4,Liquid Treatment Concealer,Koh Gen Do,$48.00
3.6471,All Over Seduction,EDWARD BESS,$38.00
4.8333,Powdered Metal,Illamasqua,$36.00
4.5758,Terracotta Blush Sun Shimmer Highlighter,Guerlain,$43.00
3.9643,Gleam Cream,Illamasqua,$26.00
4.5,Ambient Lighting Palette,Hourglass,$58.00
4.8889,Contour Kit,Anastasia Beverly Hills,$40.00
4.3538,Divine Goddess Luminizer,Buxom,$28.00
4.2105,Météorites Perles du Paradise,Guerlain,$70.00
3.8913,Illuminator,Illamasqua,$20.00
4.2619,Superprimer Face Primer - Universal Face Primer,CLINIQUE,$27.00
4.5813,The Makeup Powdery Foundation,Shiseido,$8.00 - $29.50
3.8537,Sheer Matte Foundation,NARS,$45.00
4.1304,Extra SPF 25 Tinted Moisturizing Balm,Bobbi Brown,$54.00
3.9417,Ultimate Coverage Complexion Crème,BECCA,$44.00
4.069,Top Secrets All-In-One BB Cream Skintone Corrector,Yves Saint Laurent,$50.00
4.2996,Superbalanced Makeup,CLINIQUE,$23.00
5,DayWear BB Anti-Oxidant Beauty Benefit Creme SPF 35,Estee Lauder,$39.00
4.0804,Stay All Day® 10-In-One HD Illuminating Beauty Balm With Broad Spectrum SPF 30,Stila,$38.00
4.4204,The Makeup Dual Balancing Foundation,Shiseido,$38.50
4.0471,Liquid Halo HD Foundation SPF 15,Smashbox,$42.00
4,Bienfait Teinté Beauty Balm Sunscreen Broad Spectrum SPF 30,Lancôme,$45.00
4.5781,Double Wear Stay-in-Place Makeup,Estee Lauder,$37.00
4.2985,Sheer Color Tinted Moisturizer Oil-Free SPF 20,Stila,$34.00
4.4583,The Foundation Perfect Finish Creamy Foundation,Dolce & Gabbana,$66.50
3.7005,Tinted Moisturizer Crème Compact Broad Spectrum SPF 20 Sunscreen,Laura Mercier,$45.00
4.2297,Teint Visionnaire Skin Correcting Makeup Duo,Lancôme,$60.00
4.44,SPF 15 Tinted Moisturizer Oil Free,Bobbi Brown,$44.00
3.5534,CC Cream Time Release Tinted Treatment SPF 30,COVER FX,$45.00
3.8503,Primed & Poreless Pure Oil-Free Skin Smoothing Face Primer For Sensitive Skin,Too Faced,$30.00
4.3521,Rehab Priming Elixir,Kat Von D,$30.00
3.5051,Prime Time Foundation Primer - Brightening,bareMinerals,$23.00
3.902,Prime Time™ Neutralizing Foundation Primer,bareMinerals,$23.00
3.7857,Diorskin Pore Minimizer,Dior,$42.00
3.5591,Photo Finish Targeted Pore & Line Primer,Smashbox,$34.00
4,Greek Yoghurt Nourishing Primer,Korres,$30.00
3.8768,Mister Mat Mattifying Foundation Primer,Givenchy,$36.00
4.2581,Anti-Aging Primer,COVER FX,$38.00
4.3226,Effortless Breathable Tinted Primer,Sunday Riley,$48.00
3.1304,Instant Line and Pore Perfector,NARS,$28.00
3.25,Mister Eraser Imperfection Correcting Pen,Givenchy,$33.00
5,PORE MEDIC Pore Minish Primer,Dr. Jart+,$32.00
3.9613,Pore Perfecting Complexion Primer Potion,Urban Decay,$31.00
4.0377,Brightening & Tightening Complexion Primer Potion,Urban Decay,$31.00
4.125,Maifanshi Color Base Yellow,Koh Gen Do,$48.00 - $50.00
3.8008,Redness Solutions Daily Protective Base SPF 15,CLINIQUE,$21.00
4.0909,Capture Totale Multi-Perfection Makeup Base 25 SPF - PA++,Dior,$52.00
3.2941,Superprimer Face Primer - Colour Corrects Redness,CLINIQUE,$27.00
4.1429,SPF 30 Protection Primer,COVER FX,$38.00
4.4444,Primer,Obsessive Compulsive Cosmetics,$27.50
4.0105,Skin Perfection Gel To Go,Perfekt,$13.00
3.9602,HD Microperfecting Primer To Go,MAKE UP FOR EVER,$16.00
4.2667,Perfect Skin Mineral Powder Foundation,BECCA,$40.00
4.0281,Moisture Surge Tinted Moisturizer SPF 15,CLINIQUE,$27.00
4.2472,Advanced Hydro-Liquid Compact Refill SPF 15,Shiseido,$10.50 - $30.00
3.3895,Moisture Supreme Foundation,Laura Mercier,$45.00
4.3613,Amazing Face SPF 15 Foundation Powder,Too Faced,$32.00
4.1395,bareMinerals READY® To Go Complexion Perfection Palette,bareMinerals,$49.00
3.708,Natural Finish Oil Free Foundation,COVER FX,$40.00
4.4737,Liquid Lift Foundation,MAKE UP FOR EVER,$44.00
3.9683,Maifanshi Moisture Foundation,Koh Gen Do,$62.00
4.3333,Makeup Color Base Pearl White SPF 16 PA++,Koh Gen Do,$50.00
4.0476,Mister Smooth Primer,Givenchy,$39.00
3.4717,Silicone Free Foundation Primer,SEPHORA COLLECTION,$15.00
3.2174,Stay All Day® Prime & Anti Shine Balm,Stila,$30.00
3.2174,Luminous Foundation Primer,SEPHORA COLLECTION,$17.00
4,Superprimer Face Primer - Colour Corrects Sallowness,CLINIQUE,$27.00
3.5556,Superprimer Face Primer - Colour Corrects Dullness,CLINIQUE,$27.00
2.6923,Superprimer Face Primer - Colour Corrects Discolourations,CLINIQUE,$27.00
3,Maifanshi Color Base Green,Koh Gen Do,$48.00
3.6667,AMERICANA Ultra Lightweight Skin Perfecting Primer,ARDENCY INN,$34.00
4.1667,Time Balm Face Primer,TheBalm,$30.00
3.6364,Pore Smoothing Corrector,Shiseido,$30.00
4.2609,Foundation Primer - Mineral,Laura Mercier,$19.50
4.2031,Face Primer,Korres,$28.00
3.7919,All Mat,MAKE UP FOR EVER,$47.00
3.7674,Skin Smoothing Face Prep,NARS,$30.00
3,Superprimer Face Primer - Colour Corrects Dullness In Deeper Skins,CLINIQUE,$27.00
4.0244,Radiant Lifting Foundation Broad Spectrum SPF 17,Shiseido,$45.00
4,Smarty Plants™ CC SPF 20 Skin Complexion Corrector,Origins,$35.00
4.0455,Water Fuse Beauty Balm SPF 25 PA++,Dr. Jart+,$34.00
4.0164,Marvelous Mousse Transformative Foundation,Marc Jacobs Beauty,$55.00
4.1205,Stay All Day® Foundation & Concealer,Stila,$44.00
4.1798,Ever-Matte Shine Proof Foundation,BECCA,$42.00
4.4615,Sheer and Perfect Foundation SPF 18,Shiseido,$35.00
4.1111,Skin Foundation Mineral Makeup SPF 15,Bobbi Brown,$39.00
4.3441,Illuminating Powder Foundation,Stila,$28.00
4.375,Skin Veil Foundation SPF 15,ELLIS FAAS,$90.00
3.9437,Some Kind-A Gorgeous,Benefit Cosmetics,$30.00
4.2333,The Foundation Perfect Matte Liquid Foundation Broad Spectrum SPF 20,Dolce & Gabbana,$67.00
3.6316,Even Better Compact Makeup Broad Spectrum SPF 15,CLINIQUE,$31.00
3.9911,Radiant Cream Compact Foundation Refill,NARS,$38.00
4.6296,Teint Couture Long-Wearing Fluid Foundation Broad Spectrum SPF 20,Givenchy,$49.00
5,Terracotta Joli Teint Foundation,Guerlain,$53.00
4.1266,Skin Perfection CC Crème SPF 30,Perfekt,$42.00
3.7846,Argan Tinted Moisturizer,Josie Maran,$38.00
4.0182,The Makeup Stick Foundation,Shiseido,$38.50
4.0765,Oxygen Foundation Mineral Powder,Hourglass,$46.00
4.3473,Perfect & Correct Foundation,Stila,$44.00
4.2564,Perfectly Real™ Makeup,CLINIQUE,$26.00
4.3426,Fluid Foundation Airy-Light Mat Radiance SPF 20 - PA++,Givenchy,$51.00
3.9712,The Makeup Perfect Smoothing Compact Foundation SPF 15,Shiseido,$9.00 - $31.00
3.6667,Colored Clay CC Primer,Tarte,$34.00
4.4118,Sheer Matifying Compact SPF 22,Shiseido,$8.50 - $30.00
4.3429,Lingerie De Peau BB Cream SPF 30,Guerlain,$52.00
4.1885,Radiant Skin Satin Finish Foundation,BECCA,$44.00
3.9062,Perfection Powder - Featherweight Foundation,Marc Jacobs Beauty,$46.00
4.1901,Skin Base Foundation,Illamasqua,$42.00
3.8,IllumiKate CC Cream Broad Spectrum SPF 50+ PA+++,Kate Somerville,$48.00
3.8667,Maracuja Miracle Foundation 12-Hour Broad Spectrum SPF 15,Tarte,$42.00
3.95,Tenue De Perfection Timeproof Foundation SPF 20,Guerlain,$61.00
3.9143,Perfect Refining Foundation Broad Spectrum SPF 15,Shiseido,$38.50
3,CC Cream SPF 18,Dr. Dennis Gross Skincare,$36.00
4.359,Sun Protection Compact Foundation SPF 36 PA+++,Shiseido,$8.00 - $27.00
4.2857,The Foundation Perfect Luminous Liquid Foundation,Dolce & Gabbana,$60.00
4,Luminous Foundation,Bobbi Brown,$52.00
4.1639,Repairwear Laser Focus SPF 15 Foundation,CLINIQUE,$33.00
4.2521,Illuminating Liquid Foundation,Stila,$38.00
4.2811,Redness Solutions Makeup SPF 15 with Probiotic Technology,CLINIQUE,$27.00
4.4135,Terracotta Skin Healthy Glow Foundation,Guerlain,$53.00
3.8784,B.B. Cream Light Broad Spectrum SPF 27 PA++,boscia,$38.00
2.45,Cococin® Cream Compact,LORAC,$32.00
4.2549,CC Essence Balm,Dr. Jart+,$42.00
3.9375,Luminous Skin Colour Ultra Sheer Foundation SPF 25+,BECCA,$42.00
3.8649,Complexion Perfector BB SPF 20,Omorovicza,$135.00
4.2194,Amazonian Clay BB Illuminating Moisturizer,Tarte,$32.00
4.2289,Continuous Coverage,CLINIQUE,$24.00
3,Double Wear Stay-in-Place Powder Makeup,Estee Lauder,$38.00
4.0476,Hydra Life Pro-Youth Skin Tint SPF 20,Dior,$45.00
3.3458,DD Cream 15-Benefits-In-1 Dermatologically Defining BB Cream Broad Spectrum SPF 30,DERMAdoctor,$38.00
3.8308,Satin Perfection BB Cream Sunscreen,REN,$38.00
3.0036,Air Buffed BB Crème Complete Coverage Makeup Broad Spectrum SPF 20 Sunscreen,Too Faced,$39.00
4.1071,Triple Lighting Foundation SPF 22 PA++ Refill,Koh Gen Do,$58.00
4.3387,Illuminating Tinted Moisturizer Oil-Free SPF 20,Stila,$32.00
3.4194,cc glow Broad Spectrum SPF 30,Dr. Brandt Skincare,$39.00
3.3695,Flexitone™ BB Cream,Dr. Brandt Skincare,$39.00
3.6618,Velvet Mineral® Liquid Custom Finish Foundation SPF 15,Amazing Cosmetics,$36.00
4.3279,AMERICANA Custom Coverage Concentrate,ARDENCY INN,$38.00
3.5125,BB Matte With Signature Shinerase™,Dr. Brandt Skincare,$39.00
3.5,Stay All Day® 10-In-One HD  Beauty Balm With Broad Spectrum SPF 30,Stila,$38.00
3.6765,V7 Beauty Balm,Dr. Jart+,$36.00
0,BB Dis-A-Pore Beauty Balm,Dr. Jart+,$36.00
4.0924,DiorSkin Nude Natural Glow Crème-Gel Makeup SPF 20,Dior,$50.00
3.9815,Stay All Day® 10-In-One HD Bronzing Beauty Balm With Broad Spectrum SPF 30,Stila,$38.00
4.6667,Double Wear Light Stay-in-Place Makeup,Estee Lauder,$37.00
3.6875,OCC Tint: Tinted Moisturizer,Obsessive Compulsive Cosmetics,$29.50
4.0105,Skin Perfection Gel To Go,Perfekt,$13.00
4.4118,Skin Veil Foundation SPF 15,ELLIS FAAS,$65.00
3.9474,Chinese Licorice Anti-Aging Color Correction CC Cream,Wei,$45.00
3.5078,Water Fuse Smart Gel BB,Dr. Jart+,$36.00
0,BB Radiance Beauty Balm,Dr. Jart+,$42.00
4,Ultra Dewy Complexion Perfector,EDWARD BESS,$56.00
4.3396,Powder Foundation,Illamasqua,$36.00
4.0984,Velvet Mineral Pressed Powder Foundation,Amazing Cosmetics,$36.00
3.9718,Rich Liquid Foundation,Illamasqua,$39.00
3.25,Liquid Light Breathable Perfecting Foundation,Sunday Riley,$52.00
4.4444,Advanced Hydro-Liquid Compact Case,Shiseido,$10.50
5,Triple Lighting Foundation Compact,Koh Gen Do,$20.00
4.2014,Natural Performance Foundation,LORAC,$36.00
3.95,Cream Foundation,Illamasqua,$36.00
4.0714,The Makeup Stick Foundation Control Color,Shiseido,$38.50
4.75,Radiant Cream Compact Foundation - Empty Compact,NARS,$10.00
3.4,Terracotta Skin Healthy Glow Foundation Second Skin Effect,Guerlain,$53.00
0,Moisture Surge CC Compact,CLINIQUE,$35.00
3.9167,Perfect Refining Foundation SPF 16,Shiseido,$38.50
2.5,Crème Radiance Breathable Ageless Foundation,Sunday Riley,$58.00
0,UV Protective Stick Foundation SPF 37,Shiseido,$28.00
4.5743,Sun Protection Stick Foundation SPF 35 PA++,Shiseido,$27.00
4.3939,Parure De Lumière Light-Diffusing Foundation SPF 25,Guerlain,$61.00
4.1645,TEINT IDOLE FRESH WEAR,Lancôme,$34.00
3.9815,Pore Refining Solutions Instant Perfecting Makeup,CLINIQUE,$27.00
3.9412,RÉNERGIE ÉCLAT MULTI-LIFT Multi-Action Tinted Skincare Illuminate + Lift Instant Enhancer,Lancôme,$75.00
3.8226,Renewalist BB Beauty Balm,Dr. Jart+,$36.00
3.7407,Velvet Mineral Powder Foundation,Amazing Cosmetics,$34.00
0,Bareskin Pure Brightening Serum Foundation,bareMinerals,$29.00
0,BB Bounce Beauty Balm,Dr. Jart+,$48.00
0,UV Protective Compact Foundation SPF 36  (Refill),Shiseido,$28.00
0,UV Protective Compact Foundation SPF 36 Case,Shiseido,$8.00
0,UV Protective Liquid Foundation SPF 42,Shiseido,$36.00
4.5263,Flatter Yourself Contouring Brush Set,SEPHORA COLLECTION,$48.00
4.7577,Pro Flawless Airbrush #56,SEPHORA COLLECTION,$32.00
4.7,Good Karma Optical Blurring Brush,Urban Decay,$25.00
4.8,Airbrush Finish Bamboo Foundation Brush,Tarte,$32.00
4.8958,The Bronze - Bronzer Brush No. 12,Marc Jacobs Beauty,$78.00
3.9561,Full Flawless Face Brush,bareMinerals,$28.00
4.7117,Airbuki Bamboo Powder Foundation Brush,Tarte,$26.00
4.2105,Travel Essential Brush Set,SEPHORA COLLECTION,$20.00
4.6254,Pro Airbrush #55,SEPHORA COLLECTION,$34.00
4.8769,The Face II - Sculpting Foundation Brush No. 2,Marc Jacobs Beauty,$48.00
4.9333,Pro Airbrush Blush Brush #54,SEPHORA COLLECTION,$32.00
4.6821,Pro Angled Blush Brush #49,SEPHORA COLLECTION,$32.00
4.85,Kabuki Brush,Too Faced,$34.00
4.6346,Ambient Powder Brush,Hourglass,$35.00
4.1193,The One Perfecting Brush,BECCA,$49.00
4.7,The Conceal - Full Cover Correcting Brush No. 14,Marc Jacobs Beauty,$30.00
4.6,Blush Brush,Bobbi Brown,$52.00
4.1007,Full Coverage Kabuki Brush,bareMinerals,$28.00
4.7896,Pro Airbrush Concealer Brush #57,SEPHORA COLLECTION,$24.00
4.7945,Pro Allover Powder Brush #61,SEPHORA COLLECTION,$46.00
4.7683,Classic Mineral Powder Brush #45,SEPHORA COLLECTION,$24.00
4.375,Bronzer Brush,Bobbi Brown,$54.00
4.6741,Precision Face Brush,bareMinerals,$28.00
4.5833,Liquid Foundation Brush,COVER FX,$38.00
4.7179,Foundation Brush,Bobbi Brown,$40.00
4.7353,Pro Flawless Bronzer Brush #46,SEPHORA COLLECTION,$34.00
4.2535,Retractable Kabuki Brush,SEPHORA COLLECTION,$18.00
5,Yachiyo Brush #27,NARS,$55.00
0,The Slenderizer Bamboo Contouring Brush,Tarte,$32.00
4.8077,Classic Mini Mineral Brush #45.5,SEPHORA COLLECTION,$14.00
4.6875,158 Double Ended Sculpting Brush,MAKE UP FOR EVER,$53.00
4.9333,Powder Brush,Bobbi Brown,$62.00
4.6741,Maximum Coverage Concealer Brush,bareMinerals,$20.00
4.7241,108 Large Foundation Brush,MAKE UP FOR EVER,$36.00
3.7083,Flawless Application Face Brush,bareMinerals,$22.00
4.7632,Pro Bronzer Brush #48,SEPHORA COLLECTION,$36.00
4.8367,Pro Visionary Face Blender Brush #134,SEPHORA COLLECTION,$32.00
4.75,130 Large Powder Brush,MAKE UP FOR EVER,$55.00
4.4598,Foundation/Blush Brush No. 2,Hourglass,$58.00
3.5,Classic Must Have Angled Blush Brush #50,SEPHORA COLLECTION,$28.00
4.5385,Pro Foundation Brush #47,SEPHORA COLLECTION,$28.00
3.6727,Tapered Blush Brush,bareMinerals,$15.00
4.6667,FANatic Bamboo Fanned Blush Brush,Tarte,$29.00
4.7,Face Brush,Bobbi Brown,$42.00
4.6,124 Powder Kabuki Brush,MAKE UP FOR EVER,$52.00
4,Soft Focus Brush,bareMinerals,$30.00
4.82,Pro Kabuki Brush #43,SEPHORA COLLECTION,$36.00
4.4345,Handy Buki Brush,bareMinerals,$20.00
4.3462,Secret Camouflage Brush,Laura Mercier,$26.00
4.8736,Classic Mineral Powder Brush #45,SEPHORA COLLECTION,$24.00
4.5833,Double-Ended Complexion Brush,Hourglass,$68.00
5,134 Large Powder Fan Brush,MAKE UP FOR EVER,$48.00
4,Face Blender Brush,Bobbi Brown,$48.00
4.0385,Pro Large Domed Stippling Brush #41,SEPHORA COLLECTION,$36.00
5,152 Medium Highlighter Brush,MAKE UP FOR EVER,$37.00
3.8421,Classic Must Have Foundation Brush #10,SEPHORA COLLECTION,$24.00
4.6667,Pro Flawless Light Powder Brush #50,SEPHORA COLLECTION,$38.00
4.8,Pro Small Stippling Brush #42,SEPHORA COLLECTION,$32.00
0,Contour Brush #21,NARS,$42.00
3.6364,Precision Face Retractable Brush,bareMinerals,$22.00
4.9,Foundation Kabuki Brush,MAKE UP FOR EVER,$48.00
4.5333,Pro Contour Brush #74,SEPHORA COLLECTION,$30.00
5,154 Buffer Blush Brush,MAKE UP FOR EVER,$44.00
5,106 Medium Foundation Brush,MAKE UP FOR EVER,$36.00
5,156 Large Flat Blush Brush,MAKE UP FOR EVER,$37.00
4.4906,Retractable Foundation Brush,Hourglass,$42.00
4.5556,Pro Blending Brush #27,SEPHORA COLLECTION,$20.00
4.75,Concealer Brush,COVER FX,$20.00
4,Face Brush,Laura Mercier,$35.00
4.7089,One Step Complexion Brush #33,Stila,$32.00
3.1429,See Both Sides Retractable Brush,SEPHORA COLLECTION,$22.00
4.4615,Pro Angled Contour Brush #75,SEPHORA COLLECTION,$30.00
5,Pro Visionary Modeling Foundation Brush #111,SEPHORA COLLECTION,$34.00
5,174 Small Concealer Brush,MAKE UP FOR EVER,$21.00
3.56,Classic Must Have Large Powder Brush #30,SEPHORA COLLECTION,$36.00
5,Powder Brush,COVER FX,$42.00
4.8,122 Blending Brush,MAKE UP FOR EVER,$48.00
3.7059,Concealer Brush,Bobbi Brown,$30.00
3.3333,The Blush - Angled Blush Brush No. 10,Marc Jacobs Beauty,$38.00
3.68,Classic Bronzer Brush #44,SEPHORA COLLECTION,$28.00
4.1837,Buff & Go Retractable Face Brush,bareMinerals,$22.00
4.1333,Botan Brush,NARS,$75.00
4.5833,Classic Synthetic Complexion Powder Brush #43,SEPHORA COLLECTION,$29.00
4.7742,Finishing Brush No. 7,Hourglass,$65.00
5,126 Medium Powder Brush,MAKE UP FOR EVER,$55.00
0,Bronzing Powder Brush #11,NARS,$52.00
4.7333,Powder Brush No. 1,Hourglass,$65.00
4.1463,Pro Precision Blush Brush #73,SEPHORA COLLECTION,$32.00
4.75,144 Precision Highlighter & Concealer Brush,MAKE UP FOR EVER,$37.00
5,Blusher Brush 2,Illamasqua,$44.00
4.25,160 Blush Brush,MAKE UP FOR EVER,$44.00
4.2609,Concealer Brush,Amazing Cosmetics,$15.00
5,128 Precision Powder Brush,MAKE UP FOR EVER,$52.00
3.6765,Pro Fan Brush #65,SEPHORA COLLECTION,$27.00
3.8571,Foundation Brush,Benefit Cosmetics,$24.00
4.7778,Pro Cream Shadow Brush #28,SEPHORA COLLECTION,$20.00
0,Double-Ended Camouflage Tool,Tarte,$36.00
5,Touch Up Brush,Bobbi Brown,$30.00
4.0435,Pro Flawless Powder Brush #40,SEPHORA COLLECTION,$36.00
4.6429,Pro Precision Powder Brush #59,SEPHORA COLLECTION,$38.00
4.55,Pro Visionary Precise Natural Powder Brush #121,SEPHORA COLLECTION,$38.00
4.1111,Cream Foundation Brush,COVER FX,$38.00
5,146 Flat Blush Brush,MAKE UP FOR EVER,$37.00
4.3143,Pro Domed Crease Brush #16,SEPHORA COLLECTION,$18.00
4,Color At Every Turn Retractable,SEPHORA COLLECTION,$22.00
4.5946,Pro Precision Foundation Brush #58,SEPHORA COLLECTION,$29.00
4.3333,Concealer Brush,Benefit Cosmetics,$22.00
4,Light Coverage Powder Brush,Dior,$55.00
4.625,Hide and Sleek Retractable Buffing Brush,SEPHORA COLLECTION,$24.00
0,140 Small Highlighter Brush,MAKE UP FOR EVER,$34.00
0,Body Bronzer Brush,Laura Mercier,$65.00
4.4194,Pro Precision Concealer Brush #45,SEPHORA COLLECTION,$21.00
4.5,112 Medium Precision Foundation Brush,MAKE UP FOR EVER,$46.00
2.8392,Pro Stippling Brush #44,SEPHORA COLLECTION,$35.00
4.1429,Buxom True Hue™ Blush Brush,Buxom,$24.00
3.25,Pro Round Powder Brush #60,SEPHORA COLLECTION,$48.00
4.2381,Tattoo Concealer Brush,Kat Von D,$19.00
3.75,Retractable Kabuki Brush,Hourglass,$52.00
5,#002 Foundation Brush,Obsessive Compulsive Cosmetics,$24.00
0,Cream Blending Brush #12,NARS,$28.00
0,Powder Brush #10,NARS,$52.00
5,Tapered Face Brush,bareMinerals,$24.00
4,Pro Visionary Square Foundation Brush #112,SEPHORA COLLECTION,$28.00
0,#011 Small Blush/Powder Brush,Obsessive Compulsive Cosmetics,$24.00
4.68,Camouflage Powder Brush,Laura Mercier,$28.00
4,Full Coverage Powder Brush,Dior,$55.00
3.6667,Large Concealer Brush #8,Hourglass,$30.00
0,176 Medium Concealer Brush,MAKE UP FOR EVER,$30.00
4.5714,Retoucher Flawless Finish Bamboo Foundation Brush,Tarte,$30.00
4.6667,102 Small Foundation Kabuki,MAKE UP FOR EVER,$36.00
3,Classic Natural Kabuki Brush #48,SEPHORA COLLECTION,$24.00
0,120 Medium Powder Fan Brush,MAKE UP FOR EVER,$31.00
3.4,Kabuki Bronzer Brush,Givenchy,$48.00
3,Classic Setting Powder Brush #53,SEPHORA COLLECTION,$26.00
2.8072,Pro Buffing Brush #62,SEPHORA COLLECTION,$38.00
0,148 Blending Blush Brush,MAKE UP FOR EVER,$37.00
0,#001 Large Powder Brush,Obsessive Compulsive Cosmetics,$28.00
0,412 Medium Paint Brush,MAKE UP FOR EVER,$43.00
2,132 Powder Flat Kabuki,MAKE UP FOR EVER,$48.00
4,Classic Contour Powder Brush #52,SEPHORA COLLECTION,$26.00
4.5,Press Play Foundation Touch Up Pen,SEPHORA COLLECTION,$16.00
3.1429,Pro Visionary Highlighting Fan Brush #122,SEPHORA COLLECTION,$38.00
0,Luxury Face Brush,EDWARD BESS,$56.00
0,142 Flat Highlighter Brush,MAKE UP FOR EVER,$37.00
0,#003 Concealer Brush,Obsessive Compulsive Cosmetics,$22.00
0,170 Fine Corrector Brush,MAKE UP FOR EVER,$21.00
0,408 Small Paint Brush,MAKE UP FOR EVER,$39.00
2.8087,bareMinerals® Refillable Buffing Brush,bareMinerals,$29.50
0,100 Small Precision Foundation Brush,MAKE UP FOR EVER,$36.00
3.5,Foundation Brush,Yves Saint Laurent,$45.00
0,#005 Angled Blending Brush,Obsessive Compulsive Cosmetics,$22.00
0,414 Body Kabuki,MAKE UP FOR EVER,$43.00
0,Classic Uniform Complexion Powder Brush #31,SEPHORA COLLECTION,$32.00
5,Pro Visionary Flawless Flat Powder Brush #120,SEPHORA COLLECTION,$38.00
3.5,104 Small Foundation Brush,MAKE UP FOR EVER,$35.00
4.5429,Light Stroke Brush,bareMinerals,$20.00
1.6667,Pro Visionary Precision Contour #132,SEPHORA COLLECTION,$34.00
0,172 Precision Corrector Brush,MAKE UP FOR EVER,$21.00
2,150 Precision Blush Brush,MAKE UP FOR EVER,$40.00
4.46,Foundation Brush,Shiseido,$30.00
0,Sunwashed Jumbo Kabuki Brush,SEPHORA COLLECTION,$32.00
0,404 Artistic Fan Brush,MAKE UP FOR EVER,$23.00
0,402 Artistic Fan Brush,MAKE UP FOR EVER,$20.00
5,HD Brush 25N,MAKE UP FOR EVER,$37.00
5,Terracotta Bronzing Powder Brush,Guerlain,$42.00
4.75,Highlighter Brush,Illamasqua,$37.50
4.2763,Météorites Brush,Guerlain,$42.00
4,Blending Brush 2,Illamasqua,$37.00
3.3846,Blush-Up Brush,Illamasqua,$40.00
2,The Brush Foundation Brush,Dolce & Gabbana,$41.00
0,406 Body Foundation Brush,MAKE UP FOR EVER,$33.00
0,410 Medium Body Foundation Brush,MAKE UP FOR EVER,$36.00
0,Bareskin Perfecting Face Brush,bareMinerals,$28.00
